time,velocity,altitude,anomaly_flg,anomaly_desc
0.0,0.0,0.2,N,
0.033,1.0,0.2,N,
0.066,1.0,0.2,N,
0.1,1.0,0.2,N,
0.133,1.0,0.2,N,
0.166,1.0,0.2,N,
0.2,2.0,0.2,N,
0.233,2.0,0.2,N,
0.266,2.0,0.2,N,
0.3,2.0,0.2,N,
0.333,2.0,0.2,N,
0.367,2.0,0.2,N,
0.4,2.0,0.2,N,
0.433,2.0,0.2,N,
0.467,2.0,0.2,N,
0.5,2.0,0.2,N,
0.533,2.0,0.2,N,
0.567,2.0,0.2,N,
0.6,2.0,0.2,N,
0.633,2.0,0.2,N,
0.667,2.0,0.2,N,
0.7,2.0,0.2,N,
0.734,3.0,0.2,N,
0.767,3.0,0.2,N,
0.8,3.0,0.2,N,
0.834,3.0,0.2,N,
0.867,3.0,0.2,N,
0.9,3.0,0.2,N,
0.934,3.0,0.2,N,
0.967,3.0,0.2,N,
1.0,3.0,0.2,N,
1.034,3.0,0.2,N,
1.067,4.0,0.2,N,
1.101,4.0,0.2,N,
1.134,4.0,0.2,N,
1.167,4.0,0.2,N,
1.201,4.0,0.2,N,
1.234,4.0,0.2,N,
1.267,4.0,0.2,N,
1.301,4.0,0.2,N,
1.334,4.0,0.2,N,
1.368,4.0,0.2,N,
1.401,4.0,0.2,N,
1.434,4.0,0.2,N,
1.468,4.0,0.2,N,
1.501,4.0,0.2,N,
1.534,4.0,0.2,N,
1.568,4.0,0.2,N,
1.601,5.0,0.2,N,
1.634,5.0,0.2,N,
1.668,5.0,0.2,N,
1.701,5.0,0.2,N,
1.735,5.0,0.2,N,
1.768,5.0,0.2,N,
1.801,5.0,0.2,N,
1.835,5.0,0.2,N,
1.868,5.0,0.2,N,
1.901,5.0,0.2,N,
1.935,5.0,0.2,N,
1.968,5.0,0.2,N,
2.002,5.0,0.2,N,
2.035,5.0,0.2,N,
2.068,5.0,0.2,N,
2.102,5.0,0.2,N,
2.135,5.0,0.2,N,
2.168,5.0,0.2,N,
2.202,5.0,0.2,N,
2.235,5.0,0.2,N,
2.268,5.0,0.2,N,
2.302,5.0,0.2,N,
2.335,5.0,0.2,N,
2.369,5.0,0.2,N,
2.402,5.0,0.2,N,
2.435,5.0,0.2,N,
2.469,5.0,0.2,N,
2.502,5.0,0.2,N,
2.535,5.0,0.2,N,
2.569,5.0,0.2,N,
2.602,5.0,0.2,N,
2.635,5.0,0.2,N,
2.669,5.0,0.2,N,
2.702,5.0,0.2,N,
2.736,5.0,0.2,N,
2.769,5.0,0.2,N,
2.802,5.0,0.2,N,
2.836,5.0,0.2,N,
2.869,5.0,0.2,N,
2.902,5.0,0.2,N,
2.936,5.0,0.2,N,
2.969,5.0,0.2,N,
3.003,5.0,0.2,N,
3.036,5.0,0.2,N,
3.069,6.0,0.2,N,
3.103,6.0,0.2,N,
3.136,6.0,0.2,N,
3.169,6.0,0.2,N,
3.203,6.0,0.2,N,
3.236,6.0,0.2,N,
3.269,6.0,0.2,N,
3.303,6.0,0.2,N,
3.336,7.0,0.2,N,
3.37,7.0,0.2,N,
3.403,7.0,0.2,N,
3.436,7.0,0.2,N,
3.47,7.0,0.2,N,
3.503,7.0,0.2,N,
3.536,7.0,0.2,N,
3.57,7.0,0.2,N,
3.603,8.0,0.2,N,
3.636,8.0,0.2,N,
3.67,8.0,0.2,N,
3.703,8.0,0.2,N,
3.737,8.0,0.2,N,
3.77,8.0,0.2,N,
3.803,8.0,0.2,N,
3.837,8.0,0.2,N,
3.87,8.0,0.2,N,
3.903,8.0,0.2,N,
3.937,8.0,0.2,N,
3.97,8.0,0.2,N,
4.004,8.0,0.2,N,
4.037,9.0,0.2,N,
4.07,9.0,0.2,N,
4.104,9.0,0.2,N,
4.137,9.0,0.2,N,
4.17,9.0,0.2,N,
4.204,9.0,0.2,N,
4.237,9.0,0.2,N,
4.27,9.0,0.2,N,
4.304,9.0,0.2,N,
4.337,9.0,0.2,N,
4.371,9.0,0.2,N,
4.404,9.0,0.2,N,
4.437,9.0,0.2,N,
4.471,9.0,0.2,N,
4.504,9.0,0.2,N,
4.537,10.0,0.2,N,
4.571,10.0,0.2,N,
4.604,10.0,0.2,N,
4.637,10.0,0.2,N,
4.671,10.0,0.2,N,
4.704,10.0,0.2,N,
4.738,10.0,0.2,N,
4.771,10.0,0.2,N,
4.804,11.0,0.2,N,
4.838,11.0,0.2,N,
4.871,11.0,0.2,N,
4.904,11.0,0.2,N,
4.938,11.0,0.2,N,
4.971,11.0,0.2,N,
5.005,11.0,0.2,N,
5.038,12.0,0.2,N,
5.071,12.0,0.2,N,
5.105,12.0,0.2,N,
5.138,12.0,0.2,N,
5.171,12.0,0.2,N,
5.205,12.0,0.2,N,
5.238,12.0,0.2,N,
5.271,12.0,0.2,N,
5.305,13.0,0.2,N,
5.338,13.0,0.2,N,
5.372,13.0,0.2,N,
5.405,13.0,0.2,N,
5.438,13.0,0.2,N,
5.472,13.0,0.2,N,
5.505,13.0,0.2,N,
5.538,13.0,0.2,N,
5.572,14.0,0.2,N,
5.605,14.0,0.2,N,
5.638,14.0,0.2,N,
5.672,14.0,0.2,N,
5.705,14.0,0.2,N,
5.739,14.0,0.2,N,
5.772,14.0,0.2,N,
5.805,14.0,0.2,N,
5.839,15.0,0.2,N,
5.872,15.0,0.2,N,
5.905,15.0,0.2,N,
5.939,15.0,0.2,N,
5.972,15.0,0.2,N,
6.006,15.0,0.2,N,
6.039,15.0,0.2,N,
6.072,15.0,0.2,N,
6.106,15.0,0.2,N,
6.139,16.0,0.2,N,
6.172,16.0,0.2,N,
6.206,16.0,0.2,N,
6.239,16.0,0.2,N,
6.272,16.0,0.2,N,
6.306,16.0,0.2,N,
6.339,16.0,0.2,N,
6.373,16.0,0.2,N,
6.406,17.0,0.2,N,
6.439,17.0,0.2,N,
6.473,17.0,0.2,N,
6.506,17.0,0.2,N,
6.539,17.0,0.2,N,
6.573,17.0,0.2,N,
6.606,17.0,0.2,N,
6.639,17.0,0.2,N,
6.673,17.0,0.2,N,
6.706,18.0,0.2,N,
6.74,18.0,0.2,N,
6.773,17.98637373580819,0.19979017602535445,Y,Gaussian anomaly;
6.806,18.0,0.2,N,
6.84,18.0,0.2,N,
6.873,18.0,0.2,N,
6.906,18.0,0.2,N,
6.94,18.0,0.2,N,
6.973,19.0,0.2,N,
7.007,19.0,0.2,N,
7.04,19.0,0.2,N,
7.073,19.0,0.2,N,
7.107,19.0,0.2,N,
7.14,19.0,0.2,N,
7.173,19.0,0.2,N,
7.207,19.0,0.2,N,
7.24,19.0,0.2,N,
7.273,20.0,0.2,N,
7.307,20.0,0.2,N,
7.34,20.0,0.2,N,
7.374,20.0,0.2,N,
7.407,20.0,0.2,N,
7.44,20.0,0.2,N,
7.474,20.0,0.2,N,
7.507,20.0,0.2,N,
7.54,21.0,0.2,N,
7.574,21.0,0.2,N,
7.607,21.0,0.2,N,
7.64,21.0,0.2,N,
7.674,21.0,0.2,N,
7.707,21.0,0.2,N,
7.741,21.0,0.2,N,
7.774,21.0,0.2,N,
7.807,22.0,0.2,N,
7.841,22.0,0.2,N,
7.874,22.0,0.2,N,
7.907,22.0,0.2,N,
7.941,22.0,0.2,N,
7.974,22.0,0.2,N,
8.008,22.0,0.2,N,
8.041,22.0,0.2,N,
8.074,22.0,0.2,N,
8.108,23.0,0.2,N,
8.141,23.0,0.3,N,
8.174,23.0,0.3,N,
8.208,23.0,0.3,N,
8.241,23.0,0.3,N,
8.274,23.0,0.3,N,
8.308,23.0,0.3,N,
8.341,23.0,0.3,N,
8.375,23.0,0.3,N,
8.408,23.0,0.3,N,
8.441,24.0,0.3,N,
8.475,24.0,0.3,N,
8.508,24.0,0.3,N,
8.541,24.0,0.3,N,
8.575,24.0,0.3,N,
8.608,24.0,0.3,N,
8.641,24.0,0.3,N,
8.675,24.0,0.3,N,
8.708,24.0,0.3,N,
8.742,24.0,0.3,N,
8.775,24.0,0.3,N,
8.808,24.0,0.3,N,
8.842,24.0,0.3,N,
8.875,24.0,0.3,N,
8.908,24.0,0.3,N,
8.942,24.0,0.3,N,
8.975,24.0,0.3,N,
9.008,25.0,0.3,N,
9.042,25.0,0.3,N,
9.075,25.0,0.3,N,
9.109,25.0,0.3,N,
9.142,25.0,0.3,N,
9.175,25.0,0.3,N,
9.209,25.0,0.3,N,
9.242,26.0,0.3,N,
9.275,26.0,0.3,N,
9.309,26.0,0.3,N,
9.342,26.0,0.3,N,
9.376,26.0,0.3,N,
9.409,26.0,0.3,N,
9.442,26.0,0.3,N,
9.476,26.0,0.3,N,
9.509,27.0,0.3,N,
9.542,27.0,0.3,N,
9.576,27.0,0.3,N,
9.609,27.0,0.3,N,
9.642,27.0,0.3,N,
9.676,27.0,0.3,N,
9.709,27.0,0.3,N,
9.743,27.0,0.3,N,
9.776,27.0,0.3,N,
9.809,27.0,0.3,N,
9.843,27.0,0.3,N,
9.876,27.0,0.3,N,
9.909,28.0,0.3,N,
9.943,28.0,0.3,N,
9.976,28.0,0.3,N,
10.009,28.0,0.3,N,
10.043,28.0,0.3,N,
10.076,28.0,0.3,N,
10.11,28.0,0.3,N,
10.143,29.0,0.3,N,
10.176,29.0,0.3,N,
10.21,29.0,0.3,N,
10.243,29.0,0.3,N,
10.276,29.0,0.3,N,
10.31,29.0,0.3,N,
10.343,29.0,0.3,N,
10.377,29.0,0.3,N,
10.41,30.0,0.3,N,
10.443,30.0,0.3,N,
10.477,30.0,0.3,N,
10.51,30.0,0.3,N,
10.543,30.0,0.3,N,
10.577,30.0,0.3,N,
10.61,30.0,0.3,N,
10.643,31.0,0.3,N,
10.677,31.0,0.3,N,
10.71,31.0,0.3,N,
10.744,31.0,0.3,N,
10.777,31.0,0.3,N,
10.81,31.0,0.3,N,
10.844,32.0,0.3,N,
10.877,32.0,0.3,N,
10.91,32.0,0.3,N,
10.944,32.0,0.3,N,
10.977,32.0,0.3,N,
11.01,32.0,0.3,N,
11.044,32.0,0.3,N,
11.077,32.0,0.3,N,
11.111,33.0,0.3,N,
11.144,33.0,0.3,N,
11.177,33.0,0.3,N,
11.211,33.0,0.3,N,
11.244,33.0,0.3,N,
11.277,33.0,0.3,N,
11.311,33.0,0.3,N,
11.344,34.0,0.3,N,
11.378,34.0,0.3,N,
11.411,34.0,0.3,N,
11.444,34.0,0.3,N,
11.478,34.0,0.3,N,
11.511,34.0,0.3,N,
11.544,34.0,0.3,N,
11.578,34.0,0.3,N,
11.611,35.0,0.3,N,
11.644,35.0,0.4,N,
11.678,35.0,0.4,N,
11.711,35.0,0.4,N,
11.745,35.0,0.4,N,
11.778,35.0,0.4,N,
11.811,35.0,0.4,N,
11.845,36.0,0.4,N,
11.878,36.0,0.4,N,
11.911,36.0,0.4,N,
11.945,36.0,0.4,N,
11.978,36.0,0.4,N,
12.011,36.0,0.4,N,
12.045,36.0,0.4,N,
12.078,36.0,0.4,N,
12.112,37.0,0.4,N,
12.145,37.0,0.4,N,
12.178,37.0,0.4,N,
12.212,37.0,0.4,N,
12.245,37.0,0.4,N,
12.278,37.0,0.4,N,
12.312,37.0,0.4,N,
12.345,37.0,0.4,N,
12.379,38.0,0.4,N,
12.412,38.0,0.4,N,
12.445,38.0,0.4,N,
12.479,38.0,0.4,N,
12.512,38.0,0.4,N,
12.545,38.0,0.4,N,
12.579,38.0,0.4,N,
12.612,38.0,0.4,N,
12.645,38.0,0.4,N,
12.679,38.0,0.4,N,
12.712,38.0,0.4,N,
12.746,38.0,0.4,N,
12.779,38.0,0.4,N,
12.812,39.0,0.4,N,
12.846,39.0,0.4,N,
12.879,39.0,0.4,N,
12.912,39.0,0.4,N,
12.946,39.0,0.4,N,
12.979,39.0,0.4,N,
13.012,39.0,0.4,N,
13.046,39.0,0.4,N,
13.079,39.0,0.4,N,
13.113,39.0,0.4,N,
13.146,39.0,0.4,N,
13.179,39.0,0.4,N,
13.213,39.0,0.4,N,
13.246,39.0,0.4,N,
13.279,39.0,0.4,N,
13.313,39.0,0.4,N,
13.346,39.0,0.4,N,
13.38,39.0,0.4,N,
13.413,39.0,0.4,N,
13.446,39.0,0.4,N,
13.48,39.0,0.4,N,
13.513,39.0,0.4,N,
13.546,39.0,0.4,N,
13.58,39.0,0.4,N,
13.613,39.0,0.4,N,
13.646,39.0,0.4,N,
13.68,39.0,0.4,N,
13.713,39.0,0.4,N,
13.747,39.0,0.4,N,
13.78,39.0,0.4,N,
13.813,39.0,0.4,N,
13.847,39.0,0.4,N,
13.88,39.0,0.4,N,
13.913,39.0,0.4,N,
13.947,40.0,0.4,N,
13.98,40.0,0.4,N,
14.013,40.0,0.4,N,
14.047,40.0,0.4,N,
14.08,40.0,0.4,N,
14.114,40.0,0.4,N,
14.147,40.0,0.4,N,
14.18,40.0,0.4,N,
14.214,41.0,0.4,N,
14.247,41.0,0.4,N,
14.28,41.0,0.4,N,
14.314,41.0,0.4,N,
14.347,41.0,0.4,N,
14.381,42.0,0.4,N,
14.414,42.0,0.4,N,
14.447,42.0,0.4,N,
14.481,42.0,0.4,N,
14.514,42.0,0.4,N,
14.547,42.0,0.4,N,
14.581,42.0,0.4,N,
14.614,43.0,0.4,N,
14.647,43.0,0.4,N,
14.681,43.0,0.4,N,
14.714,43.0,0.4,N,
14.748,43.0,0.4,N,
14.781,44.0,0.4,N,
14.814,44.0,0.5,N,
14.848,44.0186111565258,0.5002847612627849,Y,Gaussian anomaly;
14.881,44.0,0.5,N,
14.914,45.0,0.5,N,
14.948,45.0,0.5,N,
14.981,45.0,0.5,N,
15.014,46.0,0.5,N,
15.048,46.0,0.5,N,
15.081,46.0,0.5,N,
15.115,46.0,0.5,N,
15.148,46.0,0.5,N,
15.181,47.0,0.5,N,
15.215,47.0,0.5,N,
15.248,47.0,0.5,N,
15.281,47.0,0.5,N,
15.315,47.0,0.5,N,
15.348,48.0,0.5,N,
15.382,48.0,0.5,N,
15.415,48.0,0.5,N,
15.448,48.0,0.5,N,
15.482,48.0,0.5,N,
15.515,48.0,0.5,N,
15.548,48.0,0.5,N,
15.582,49.0,0.5,N,
15.615,49.0,0.5,N,
15.648,49.0,0.5,N,
15.682,49.0,0.5,N,
15.715,49.0,0.5,N,
15.749,50.0,0.5,N,
15.782,50.0,0.5,N,
15.815,50.0,0.5,N,
15.849,50.0,0.5,N,
15.882,50.0,0.5,N,
15.915,50.0,0.5,N,
15.949,51.0,0.5,N,
15.982,51.0,0.5,N,
16.015,51.0,0.5,N,
16.049,51.0,0.5,N,
16.082,51.0,0.5,N,
16.116,51.0,0.5,N,
16.149,52.0,0.5,N,
16.182,52.0,0.5,N,
16.216,52.0,0.5,N,
16.249,52.0,0.5,N,
16.282,52.0,0.6,N,
16.316,52.0,0.6,N,
16.349,52.0,0.6,N,
16.383,53.0,0.6,N,
16.416,53.0,0.6,N,
16.449,53.0,0.6,N,
16.483,53.0,0.6,N,
16.516,53.0,0.6,N,
16.549,53.0,0.6,N,
16.583,54.0,0.6,N,
16.616,54.0,0.6,N,
16.649,54.0,0.6,N,
16.683,54.0,0.6,N,
16.716,54.0,0.6,N,
16.75,54.0,0.6,N,
16.783,54.0,0.6,N,
16.816,54.0,0.6,N,
16.85,55.0,0.6,N,
16.883,55.0,0.6,N,
16.916,55.0,0.6,N,
16.95,55.0,0.6,N,
16.983,55.0,0.6,N,
17.016,55.0,0.6,N,
17.05,55.0,0.6,N,
17.083,56.0,0.6,N,
17.117,56.0,0.6,N,
17.15,56.0,0.6,N,
17.183,56.0,0.6,N,
17.217,56.0,0.6,N,
17.25,56.0,0.6,N,
17.283,56.0,0.6,N,
17.317,57.0,0.6,N,
17.35,56.998908449270665,0.5995618132978131,Y,Gaussian anomaly;
17.384,57.0,0.6,N,
17.417,57.0,0.6,N,
17.45,57.0,0.6,N,
17.484,57.0,0.6,N,
17.517,57.0,0.6,N,
17.55,58.0,0.6,N,
17.584,58.0,0.6,N,
17.617,58.0,0.6,N,
17.65,58.0,0.6,N,
17.684,58.0,0.6,N,
17.717,58.0,0.6,N,
17.751,58.0,0.6,N,
17.784,59.0,0.6,N,
17.817,59.0,0.6,N,
17.851,59.0,0.6,N,
17.884,59.0,0.6,N,
17.917,59.0,0.6,N,
17.951,59.0,0.6,N,
17.984,59.0,0.6,N,
18.017,59.0,0.7,N,
18.051,60.0,0.7,N,
18.084,60.0,0.7,N,
18.118,60.0,0.7,N,
18.151,60.0,0.7,N,
18.184,60.0,0.7,N,
18.218,60.0,0.7,N,
18.251,60.0,0.7,N,
18.284,61.0,0.7,N,
18.318,61.0,0.7,N,
18.351,61.0,0.7,N,
18.385,61.0,0.7,N,
18.418,61.0,0.7,N,
18.451,61.0,0.7,N,
18.485,61.0,0.7,N,
18.518,62.0,0.7,N,
18.551,62.0,0.7,N,
18.585,62.0,0.7,N,
18.618,62.0,0.7,N,
18.651,62.0,0.7,N,
18.685,62.0,0.7,N,
18.718,62.0,0.7,N,
18.752,63.0,0.7,N,
18.785,63.0,0.7,N,
18.818,63.0,0.7,N,
18.852,63.0,0.7,N,
18.885,63.0,0.7,N,
18.918,63.0,0.7,N,
18.952,63.0,0.7,N,
18.985,64.0,0.7,N,
19.018,64.0,0.7,N,
19.052,64.0,0.7,N,
19.085,64.0,0.7,N,
19.119,64.0,0.7,N,
19.152,64.0,0.7,N,
19.185,64.0,0.7,N,
19.219,65.0,0.7,N,
19.252,65.0,0.7,N,
19.285,65.0,0.7,N,
19.319,65.0,0.7,N,
19.352,65.0,0.7,N,
19.386,65.0,0.7,N,
19.419,65.0,0.7,N,
19.452,65.0,0.7,N,
19.486,66.0,0.7,N,
19.519,66.0,0.7,N,
19.552,66.0,0.8,N,
19.586,66.0,0.8,N,
19.619,66.0,0.8,N,
19.652,66.0,0.8,N,
19.686,66.0,0.8,N,
19.719,66.0,0.8,N,
19.753,67.0,0.8,N,
19.786,66.90341491893132,0.8000788065348684,Y,Gaussian anomaly;
19.819,67.0,0.8,N,
19.853,67.0,0.8,N,
19.886,67.0,0.8,N,
19.919,67.0,0.8,N,
19.953,68.0,0.8,N,
19.986,68.0,0.8,N,
20.019,68.0,0.8,N,
20.053,68.0,0.8,N,
20.086,68.0,0.8,N,
20.12,68.0,0.8,N,
20.153,68.0,0.8,N,
20.186,69.0,0.8,N,
20.22,69.0,0.8,N,
20.253,69.0,0.8,N,
20.286,69.0,0.8,N,
20.32,69.0,0.8,N,
20.353,69.0,0.8,N,
20.387,69.0,0.8,N,
20.42,70.0,0.8,N,
20.453,70.0,0.8,N,
20.487,70.0,0.8,N,
20.52,70.0,0.8,N,
20.553,70.0,0.8,N,
20.587,70.0,0.8,N,
20.62,70.0,0.8,N,
20.653,71.0,0.8,N,
20.687,71.0,0.8,N,
20.72,71.0,0.8,N,
20.754,71.0,0.8,N,
20.787,71.0,0.8,N,
20.82,71.0,0.8,N,
20.854,71.0,0.8,N,
20.887,72.0,0.8,N,
20.92,72.0,0.8,N,
20.954,72.0,0.8,N,
20.987,72.0,0.8,N,
21.02,72.0,0.8,N,
21.054,72.0,0.9,N,
21.087,72.0,0.9,N,
21.121,73.0,0.9,N,
21.154,73.0,0.9,N,
21.187,73.0,0.9,N,
21.221,73.0,0.9,N,
21.254,73.0,0.9,N,
21.287,73.0,0.9,N,
21.321,73.0,0.9,N,
21.354,74.0,0.9,N,
21.388,74.0,0.9,N,
21.421,74.0,0.9,N,
21.454,74.0,0.9,N,
21.488,74.0,0.9,N,
21.521,74.0,0.9,N,
21.554,74.0,0.9,N,
21.588,75.0,0.9,N,
21.621,75.0,0.9,N,
21.654,75.0,0.9,N,
21.688,75.0,0.9,N,
21.721,75.0,0.9,N,
21.755,75.0,0.9,N,
21.788,76.0,0.9,N,
21.821,76.0,0.9,N,
21.855,76.0,0.9,N,
21.888,76.0,0.9,N,
21.921,76.0,0.9,N,
21.955,76.0,0.9,N,
21.988,76.0,0.9,N,
22.021,77.0,0.9,N,
22.055,77.0,0.9,N,
22.088,77.0,0.9,N,
22.122,77.0,0.9,N,
22.155,77.0,0.9,N,
22.188,77.0,0.9,N,
22.222,77.0,0.9,N,
22.255,78.0,0.9,N,
22.288,78.0,0.9,N,
22.322,78.0,0.9,N,
22.355,78.0,0.9,N,
22.389,78.0,1.0,N,
22.422,78.0,1.0,N,
22.455,78.0,1.0,N,
22.489,79.0,1.0,N,
22.522,79.0,1.0,N,
22.555,79.0,1.0,N,
22.589,79.0,1.0,N,
22.622,79.0,1.0,N,
22.655,79.0,1.0,N,
22.689,79.0,1.0,N,
22.722,80.0,1.0,N,
22.756,80.0,1.0,N,
22.789,80.0,1.0,N,
22.822,80.0,1.0,N,
22.856,80.0,1.0,N,
22.889,80.0,1.0,N,
22.922,81.0,1.0,N,
22.956,81.0,1.0,N,
22.989,81.0,1.0,N,
23.022,81.0,1.0,N,
23.056,81.0,1.0,N,
23.089,81.0,1.0,N,
23.123,81.0,1.0,N,
23.156,82.0,1.0,N,
23.189,82.0,1.0,N,
23.223,82.0,1.0,N,
23.256,82.0,1.0,N,
23.289,82.0,1.0,N,
23.323,82.0,1.0,N,
23.356,82.0,1.0,N,
23.39,83.0,1.0,N,
23.423,83.0,1.0,N,
23.456,83.0,1.0,N,
23.49,83.0,1.0,N,
23.523,83.0,1.0,N,
23.556,83.0,1.0,N,
23.59,84.0,1.0,N,
23.623,84.0,1.1,N,
23.656,84.0,1.1,N,
23.69,84.0,1.1,N,
23.723,84.0,1.1,N,
23.757,84.0,1.1,N,
23.79,84.0,1.1,N,
23.823,85.0,1.1,N,
23.857,85.0,1.1,N,
23.89,85.0,1.1,N,
23.923,85.0,1.1,N,
23.957,85.0,1.1,N,
23.99,85.0,1.1,N,
24.023,86.0,1.1,N,
24.057,86.0,1.1,N,
24.09,86.0,1.1,N,
24.124,86.0,1.1,N,
24.157,86.0,1.1,N,
24.19,86.0,1.1,N,
24.224,86.0,1.1,N,
24.257,87.0,1.1,N,
24.29,87.0,1.1,N,
24.324,87.0,1.1,N,
24.357,87.0,1.1,N,
24.391,87.0,1.1,N,
24.424,87.0,1.1,N,
24.457,87.0,1.1,N,
24.491,88.0,1.1,N,
24.524,88.0,1.1,N,
24.557,88.0,1.1,N,
24.591,88.0,1.1,N,
24.624,88.0,1.1,N,
24.657,88.0,1.1,N,
24.691,89.0,1.1,N,
24.724,89.0,1.1,N,
24.758,89.0,1.2,N,
24.791,89.0,1.2,N,
24.824,89.0,1.2,N,
24.858,89.0,1.2,N,
24.891,89.0,1.2,N,
24.924,90.0,1.2,N,
24.958,90.0,1.2,N,
24.991,90.0,1.2,N,
25.024,90.0,1.2,N,
25.058,90.0,1.2,N,
25.091,90.0,1.2,N,
25.125,91.0,1.2,N,
25.158,91.0,1.2,N,
25.191,91.0,1.2,N,
25.225,91.0,1.2,N,
25.258,91.0,1.2,N,
25.291,91.0,1.2,N,
25.325,91.0,1.2,N,
25.358,92.0,1.2,N,
25.392,92.0,1.2,N,
25.425,92.0,1.2,N,
25.458,92.0,1.2,N,
25.492,92.0,1.2,N,
25.525,92.0,1.2,N,
25.558,93.0,1.2,N,
25.592,93.0,1.2,N,
25.625,93.0,1.2,N,
25.658,93.0,1.2,N,
25.692,93.0,1.2,N,
25.725,93.0,1.2,N,
25.759,93.0,1.2,N,
25.792,94.0,1.2,N,
25.825,94.0,1.2,N,
25.859,94.0,1.3,N,
25.892,94.0,1.3,N,
25.925,94.0,1.3,N,
25.959,94.0,1.3,N,
25.992,95.0,1.3,N,
26.025,95.0,1.3,N,
26.059,95.0,1.3,N,
26.092,95.0,1.3,N,
26.126,95.0,1.3,N,
26.159,95.0,1.3,N,
26.192,96.0,1.3,N,
26.226,96.0,1.3,N,
26.259,96.0,1.3,N,
26.292,96.0,1.3,N,
26.326,96.0,1.3,N,
26.359,96.0,1.3,N,
26.393,96.0,1.3,N,
26.426,97.0,1.3,N,
26.459,97.0,1.3,N,
26.493,97.0,1.3,N,
26.526,97.0,1.3,N,
26.559,97.0,1.3,N,
26.593,97.0,1.3,N,
26.626,98.0,1.3,N,
26.659,98.0,1.3,N,
26.693,98.0,1.3,N,
26.726,98.0,1.3,N,
26.76,98.0,1.3,N,
26.793,98.0,1.3,N,
26.826,99.0,1.3,N,
26.86,99.0,1.3,N,
26.893,99.0,1.4,N,
26.926,99.0,1.4,N,
26.96,99.0,1.4,N,
26.993,99.0,1.4,N,
27.026,100.0,1.4,N,
27.06,100.0,1.4,N,
27.093,100.0,1.4,N,
27.127,100.0,1.4,N,
27.16,100.0,1.4,N,
27.193,100.0,1.4,N,
27.227,100.0,1.4,N,
27.26,100.0,1.4,N,
27.293,101.0,1.4,N,
27.327,101.0,1.4,N,
27.36,101.0,1.4,N,
27.394,101.0,1.4,N,
27.427,101.0,1.4,N,
27.46,101.0,1.4,N,
27.494,102.0,1.4,N,
27.527,102.0,1.4,N,
27.56,102.0,1.4,N,
27.594,102.0,1.4,N,
27.627,102.0,1.4,N,
27.66,103.0,1.4,N,
27.694,103.0,1.4,N,
27.727,103.0,1.4,N,
27.761,103.0,1.4,N,
27.794,103.0,1.4,N,
27.827,103.0,1.4,N,
27.861,103.0,1.4,N,
27.894,104.0,1.4,N,
27.927,104.0,1.5,N,
27.961,104.0,1.5,N,
27.994,104.0,1.5,N,
28.027,104.0,1.5,N,
28.061,104.0,1.5,N,
28.094,105.0,1.5,N,
28.128,105.0,1.5,N,
28.161,105.0,1.5,N,
28.194,105.0,1.5,N,
28.228,105.0,1.5,N,
28.261,105.0,1.5,N,
28.294,105.0,1.5,N,
28.328,106.0,1.5,N,
28.361,106.0,1.5,N,
28.395,106.0,1.5,N,
28.428,106.0,1.5,N,
28.461,106.0,1.5,N,
28.495,106.0,1.5,N,
28.528,107.0,1.5,N,
28.561,107.0,1.5,N,
28.595,107.0,1.5,N,
28.628,107.0,1.5,N,
28.661,107.0,1.5,N,
28.695,108.0,1.5,N,
28.728,108.0,1.5,N,
28.762,108.0,1.5,N,
28.795,108.0,1.5,N,
28.828,108.0,1.5,N,
28.862,108.0,1.6,N,
28.895,109.0,1.6,N,
28.928,109.0,1.6,N,
28.962,109.0,1.6,N,
28.995,109.0,1.6,N,
29.028,109.0,1.6,N,
29.062,109.0,1.6,N,
29.095,109.0,1.6,N,
29.129,110.0,1.6,N,
29.162,110.0,1.6,N,
29.195,110.0,1.6,N,
29.229,110.0,1.6,N,
29.262,110.0,1.6,N,
29.295,111.0,1.6,N,
29.329,111.0,1.6,N,
29.362,111.0,1.6,N,
29.396,111.0,1.6,N,
29.429,111.0,1.6,N,
29.462,111.0,1.6,N,
29.496,112.0,1.6,N,
29.529,112.0,1.6,N,
29.562,112.0,1.6,N,
29.596,112.0,1.6,N,
29.629,112.0,1.6,N,
29.662,112.0,1.6,N,
29.696,113.0,1.6,N,
29.729,113.0,1.6,N,
29.763,113.0,1.7,N,
29.796,113.0,1.7,N,
29.829,113.0,1.7,N,
29.863,113.0,1.7,N,
29.896,114.0,1.7,N,
29.929,114.0,1.7,N,
29.963,114.0,1.7,N,
29.996,114.0,1.7,N,
30.029,114.0,1.7,N,
30.063,114.0,1.7,N,
30.096,115.0,1.7,N,
30.13,115.0,1.7,N,
30.163,115.0,1.7,N,
30.196,115.0,1.7,N,
30.23,115.0,1.7,N,
30.263,115.0,1.7,N,
30.296,116.0,1.7,N,
30.33,116.0,1.7,N,
30.363,116.0,1.7,N,
30.397,116.0,1.7,N,
30.43,116.0,1.7,N,
30.463,116.0,1.7,N,
30.497,117.0,1.7,N,
30.53,117.0,1.7,N,
30.563,117.0,1.7,N,
30.597,117.0,1.7,N,
30.63,117.0,1.8,N,
30.663,118.0,1.8,N,
30.697,118.0,1.8,N,
30.73,118.0,1.8,N,
30.764,118.0,1.8,N,
30.797,118.0,1.8,N,
30.83,118.0,1.8,N,
30.864,118.0,1.8,N,
30.897,119.0,1.8,N,
30.93,119.0,1.8,N,
30.964,119.0,1.8,N,
30.997,119.0,1.8,N,
31.03,119.0,1.8,N,
31.064,120.0,1.8,N,
31.097,120.0,1.8,N,
31.131,120.0,1.8,N,
31.164,120.0,1.8,N,
31.197,120.0,1.8,N,
31.231,120.0,1.8,N,
31.264,121.0,1.8,N,
31.297,121.0,1.8,N,
31.331,121.0,1.8,N,
31.364,121.0,1.8,N,
31.398,121.0,1.8,N,
31.431,121.0,1.8,N,
31.464,122.0,1.8,N,
31.498,122.0,1.9,N,
31.531,122.0,1.9,N,
31.564,122.0,1.9,N,
31.598,122.0,1.9,N,
31.631,123.0,1.9,N,
31.664,123.0,1.9,N,
31.698,123.0,1.9,N,
31.731,123.0,1.9,N,
31.765,123.0,1.9,N,
31.798,123.0,1.9,N,
31.831,124.0,1.9,N,
31.865,124.0,1.9,N,
31.898,124.0,1.9,N,
31.931,124.0,1.9,N,
31.965,124.0,1.9,N,
31.998,124.0,1.9,N,
32.031,125.0,1.9,N,
32.065,125.0,1.9,N,
32.098,125.0,1.9,N,
32.132,125.0,1.9,N,
32.165,125.0,1.9,N,
32.198,125.0,1.9,N,
32.232,126.0,1.9,N,
32.265,126.0939556035823,1.8958889454862706,Y,Gaussian anomaly;
32.298,126.0,2.0,N,
32.332,126.0,2.0,N,
32.365,126.0,2.0,N,
32.399,126.0,2.0,N,
32.432,127.0,2.0,N,
32.465,127.0,2.0,N,
32.499,127.0,2.0,N,
32.532,127.0,2.0,N,
32.565,127.0,2.0,N,
32.599,127.0,2.0,N,
32.632,128.0,2.0,N,
32.665,128.0,2.0,N,
32.699,128.0,2.0,N,
32.732,128.0,2.0,N,
32.766,128.0,2.0,N,
32.799,129.0,2.0,N,
32.832,129.0,2.0,N,
32.866,129.0,2.0,N,
32.899,129.0,2.0,N,
32.932,129.0,2.0,N,
32.966,129.0,2.0,N,
32.999,130.0,2.0,N,
33.032,130.0,2.0,N,
33.066,130.0,2.1,N,
33.099,130.0,2.1,N,
33.133,130.0,2.1,N,
33.166,131.0,2.1,N,
33.199,131.0,2.1,N,
33.233,131.0,2.1,N,
33.266,131.0,2.1,N,
33.299,131.0,2.1,N,
33.333,132.0,2.1,N,
33.366,132.0,2.1,N,
33.4,132.0,2.1,N,
33.433,132.0,2.1,N,
33.466,132.0,2.1,N,
33.5,132.0,2.1,N,
33.533,133.0,2.1,N,
33.566,133.0,2.1,N,
33.6,133.0,2.1,N,
33.633,133.0,2.1,N,
33.666,133.0,2.1,N,
33.7,134.0,2.1,N,
33.733,134.0,2.1,N,
33.767,134.0,2.1,N,
33.8,134.0,2.2,N,
33.833,134.0,2.2,N,
33.867,134.0,2.2,N,
33.9,135.0,2.2,N,
33.933,135.0,2.2,N,
33.967,135.0,2.2,N,
34.0,135.0,2.2,N,
34.033,135.0,2.2,N,
34.067,136.0,2.2,N,
34.1,136.0,2.2,N,
34.134,136.0,2.2,N,
34.167,136.0,2.2,N,
34.2,136.0,2.2,N,
34.234,137.0,2.2,N,
34.267,137.0,2.2,N,
34.3,137.0,2.2,N,
34.334,137.0,2.2,N,
34.367,137.0,2.2,N,
34.401,137.0,2.2,N,
34.434,138.0,2.2,N,
34.467,138.0,2.2,N,
34.501,138.0,2.2,N,
34.534,138.0,2.2,N,
34.567,138.0,2.3,N,
34.601,138.0,2.3,N,
34.634,139.0,2.3,N,
34.667,139.0,2.3,N,
34.701,139.0,2.3,N,
34.734,139.0,2.3,N,
34.768,139.0,2.3,N,
34.801,139.0,2.3,N,
34.834,140.0,2.3,N,
34.868,140.0,2.3,N,
34.901,140.0,2.3,N,
34.934,140.0,2.3,N,
34.968,140.0,2.3,N,
35.001,140.0,2.3,N,
35.034,141.0,2.3,N,
35.068,141.0,2.3,N,
35.101,141.0,2.3,N,
35.135,141.0,2.3,N,
35.168,141.0,2.3,N,
35.201,142.0,2.3,N,
35.235,142.0,2.3,N,
35.268,142.0,2.3,N,
35.301,142.0,2.3,N,
35.335,142.0,2.4,N,
35.368,143.0,2.4,N,
35.402,143.0,2.4,N,
35.435,143.0,2.4,N,
35.468,143.0,2.4,N,
35.502,143.0,2.4,N,
35.535,144.0,2.4,N,
35.568,144.0,2.4,N,
35.602,144.0,2.4,N,
35.635,144.0,2.4,N,
35.668,144.0,2.4,N,
35.702,144.0,2.4,N,
35.735,145.0,2.4,N,
35.769,145.0,2.4,N,
35.802,145.0,2.4,N,
35.835,145.0,2.4,N,
35.869,146.0,2.4,N,
35.902,146.0,2.4,N,
35.935,146.0,2.4,N,
35.969,146.0,2.4,N,
36.002,146.0,2.5,N,
36.035,146.0,2.5,N,
36.069,147.0,2.5,N,
36.102,147.0,2.5,N,
36.136,147.0,2.5,N,
36.169,147.0,2.5,N,
36.202,147.0,2.5,N,
36.236,148.0,2.5,N,
36.269,148.0,2.5,N,
36.302,148.0,2.5,N,
36.336,148.0,2.5,N,
36.369,148.0,2.5,N,
36.403,,2.5,Y,Velocity sensor failure;
36.436,149.0,2.5,N,
36.469,149.0,2.5,N,
36.503,149.0,2.5,N,
36.536,149.0,2.5,N,
36.569,150.0,2.5,N,
36.603,150.0,2.5,N,
36.636,150.0,2.5,N,
36.669,150.0,2.6,N,
36.703,150.0,2.6,N,
36.736,151.0,2.6,N,
36.77,151.0,2.6,N,
36.803,151.0,2.6,N,
36.836,151.0,2.6,N,
36.87,151.0,2.6,N,
36.903,151.0,2.6,N,
36.936,152.0,2.6,N,
36.97,152.0,2.6,N,
37.003,152.0,2.6,N,
37.036,152.0,2.6,N,
37.07,152.0,2.6,N,
37.103,153.0,2.6,N,
37.137,153.0,2.6,N,
37.17,153.0,2.6,N,
37.203,153.0,2.6,N,
37.237,153.0,2.6,N,
37.27,154.0,2.6,N,
37.303,154.0,2.6,N,
37.337,154.0,2.7,N,
37.37,154.0,2.7,N,
37.404,154.0,2.7,N,
37.437,155.0,2.7,N,
37.47,155.0,2.7,N,
37.504,155.0,2.7,N,
37.537,155.0,2.7,N,
37.57,155.0,2.7,N,
37.604,156.0,2.7,N,
37.637,156.0,2.7,N,
37.67,156.0,2.7,N,
37.704,156.0,2.7,N,
37.737,156.0,2.7,N,
37.771,156.0,2.7,N,
37.804,157.0,2.7,N,
37.837,157.0,2.7,N,
37.871,157.0,2.7,N,
37.904,157.0,2.7,N,
37.937,158.0,2.7,N,
37.971,158.0,2.8,N,
38.004,158.0,2.8,N,
38.037,158.0,2.8,N,
38.071,158.0,2.8,N,
38.104,158.0,2.8,N,
38.138,159.0,2.8,N,
38.171,159.0,2.8,N,
38.204,159.0,2.8,N,
38.238,159.0,2.8,N,
38.271,159.0,2.8,N,
38.304,160.0,2.8,N,
38.338,160.0,2.8,N,
38.371,160.0,2.8,N,
38.405,160.0,2.8,N,
38.438,160.0,2.8,N,
38.471,161.0,2.8,N,
38.505,161.0,2.8,N,
38.538,161.0,2.8,N,
38.571,161.0,2.8,N,
38.605,161.0,2.9,N,
38.638,162.0,2.9,N,
38.671,162.0,2.9,N,
38.705,162.0,2.9,N,
38.738,162.0,2.9,N,
38.772,162.0,2.9,N,
38.805,163.0,2.9,N,
38.838,163.0,2.9,N,
38.872,163.0,2.9,N,
38.905,163.0,2.9,N,
38.938,163.0,2.9,N,
38.972,164.0,2.9,N,
39.005,164.0,2.9,N,
39.038,164.0,2.9,N,
39.072,164.0,2.9,N,
39.105,164.0,2.9,N,
39.139,165.0,2.9,N,
39.172,165.0,2.9,N,
39.205,165.0,2.9,N,
39.239,165.0,2.9,N,
39.272,165.0,3.0,N,
39.305,166.0,3.0,N,
39.339,166.0,3.0,N,
39.372,166.1534297302282,2.996333083012254,Y,Gaussian anomaly;
39.406,166.0,3.0,N,
39.439,166.0,3.0,N,
39.472,167.0,3.0,N,
39.506,167.0,3.0,N,
39.539,167.0,3.0,N,
39.572,167.0,3.0,N,
39.606,167.0,3.0,N,
39.639,168.0,3.0,N,
39.672,168.0,3.0,N,
39.706,168.0,3.0,N,
39.739,168.0,3.0,N,
39.773,168.0,3.0,N,
39.806,169.0,3.0,N,
39.839,169.0,3.0,N,
39.873,169.0,3.1,N,
39.906,169.0,3.1,N,
39.939,170.0,3.1,N,
39.973,170.0,3.1,N,
40.006,170.0,3.1,N,
40.039,170.0,3.1,N,
40.073,170.0,3.1,N,
40.106,171.0,3.1,N,
40.14,171.0,3.1,N,
40.173,171.0,3.1,N,
40.206,171.0,3.1,N,
40.24,171.0,3.1,N,
40.273,172.0,3.1,N,
40.306,172.0,3.1,N,
40.34,172.0,3.1,N,
40.373,172.0,3.1,N,
40.407,172.0,3.1,N,
40.44,172.0,3.1,N,
40.473,173.0,3.1,N,
40.507,173.0,3.2,N,
40.54,173.0,3.2,N,
40.573,173.0,3.2,N,
40.607,173.0,3.2,N,
40.64,174.0,3.2,N,
40.673,174.0,3.2,N,
40.707,174.0,3.2,N,
40.74,174.0,3.2,N,
40.774,174.0,3.2,N,
40.807,175.0,3.2,N,
40.84,175.0,3.2,N,
40.874,175.0,3.2,N,
40.907,175.0,3.2,N,
40.94,176.0,3.2,N,
40.974,176.0,3.2,N,
41.007,176.0,3.2,N,
41.04,176.0,3.3,N,
41.074,176.0,3.3,N,
41.107,177.0,3.3,N,
41.141,177.0,3.3,N,
41.174,177.0,3.3,N,
41.207,177.0,3.3,N,
41.241,178.0,3.3,N,
41.274,178.0,3.3,N,
41.307,178.0,3.3,N,
41.341,178.0,3.3,N,
41.374,178.0,3.3,N,
41.408,178.0,3.3,N,
41.441,179.0,3.3,N,
41.474,179.0,3.3,N,
41.508,179.0,3.3,N,
41.541,179.0,3.3,N,
41.574,180.0,3.3,N,
41.608,180.0,3.4,N,
41.641,180.0,3.4,N,
41.674,180.0,3.4,N,
41.708,180.0,3.4,N,
41.741,181.0,3.4,N,
41.775,181.0,3.4,N,
41.808,181.0,3.4,N,
41.841,181.0,3.4,N,
41.875,182.0,3.4,N,
41.908,182.0,3.4,N,
41.941,182.0,3.4,N,
41.975,182.0,3.4,N,
42.008,182.0,3.4,N,
42.041,183.0,3.4,N,
42.075,183.0,3.4,N,
42.108,183.0,3.4,N,
42.142,183.0,3.4,N,
42.175,183.0,3.5,N,
42.208,184.0,3.5,N,
42.242,184.0,3.5,N,
42.275,184.0,3.5,N,
42.308,184.0,3.5,N,
42.342,184.0,3.5,N,
42.375,185.0,3.5,N,
42.409,185.0,3.5,N,
42.442,185.0,3.5,N,
42.475,185.0,3.5,N,
42.509,186.0,3.5,N,
42.542,186.0,3.5,N,
42.575,186.0,3.5,N,
42.609,186.0,3.5,N,
42.642,186.0,3.5,N,
42.675,187.0,3.5,N,
42.709,187.0,3.6,N,
42.742,187.0,3.6,N,
42.776,187.0,3.6,N,
42.809,187.0,3.6,N,
42.842,188.0,3.6,N,
42.876,188.0,3.6,N,
42.909,188.0,3.6,N,
42.942,188.0,3.6,N,
42.976,189.0,3.6,N,
43.009,189.0,3.6,N,
43.042,189.0,3.6,N,
43.076,189.0,3.6,N,
43.109,189.0,3.6,N,
43.143,190.0,3.6,N,
43.176,190.0,3.6,N,
43.309,191.0,3.7,N,
43.343,191.0,3.7,N,
43.376,191.0,3.7,N,
43.41,191.0,3.7,N,
43.443,191.0,3.7,N,
43.476,192.0,3.7,N,
43.51,192.0,3.7,N,
43.543,192.0,3.7,N,
43.576,192.0,3.7,N,
43.61,193.0,3.7,N,
43.643,193.0,3.7,N,
43.676,193.0,3.7,N,
43.71,193.0,3.7,N,
43.743,193.0,3.7,N,
43.777,194.0,3.7,N,
43.843,194.0,3.8,N,
43.877,194.0,3.8,N,
43.91,195.0,3.8,N,
43.943,195.0,3.8,N,
43.977,195.0,3.8,N,
44.01,195.0,3.8,N,
44.043,195.0,3.8,N,
44.077,196.0,3.8,N,
44.11,196.0,3.8,N,
44.144,196.0,3.8,N,
44.177,196.0,3.8,N,
44.21,197.0,3.8,N,
44.244,197.0,3.8,N,
44.277,197.0,3.8,N,
44.31,197.0,3.8,N,
44.344,197.0,3.9,N,
44.377,197.0,3.9,N,
44.411,198.0,3.9,N,
44.444,198.0,3.9,N,
44.477,198.0,3.9,N,
44.511,198.0,3.9,N,
44.544,199.0,3.9,N,
44.577,199.0,3.9,N,
44.611,199.0,3.9,N,
44.644,199.0,3.9,N,
44.677,200.0,3.9,N,
44.711,200.0,3.9,N,
44.744,200.0,3.9,N,
44.778,200.0,3.9,N,
44.811,201.0,3.9,N,
44.844,201.0,3.9,N,
44.878,201.0,4.0,N,
44.911,201.0,4.0,N,
44.944,201.0,4.0,N,
44.978,202.0,4.0,N,
45.011,202.0,4.0,N,
45.044,202.0,4.0,N,
45.078,202.0,4.0,N,
45.111,203.0,4.0,N,
45.145,203.0,4.0,N,
45.178,203.0,4.0,N,
45.211,203.0,4.0,N,
45.245,204.0,4.0,N,
45.278,204.0,4.0,N,
45.311,204.0,4.0,N,
45.345,204.0,4.0,N,
45.378,205.0,4.1,N,
45.412,205.0,4.1,N,
45.445,205.0,4.1,N,
45.478,205.0,4.1,N,
45.512,206.0,4.1,N,
45.545,206.0,4.1,N,
45.578,206.0,4.1,N,
45.612,206.0,4.1,N,
45.645,207.0,4.1,N,
45.678,207.0,4.1,N,
45.712,207.0,4.1,N,
45.745,207.0,4.1,N,
45.779,208.0,4.1,N,
45.812,208.0,4.1,N,
45.845,208.0,4.2,N,
45.879,208.0,4.2,N,
45.912,208.0,4.2,N,
45.945,209.0,4.2,N,
45.979,209.0,4.2,N,
46.012,209.0,4.2,N,
46.045,210.0,4.2,N,
46.079,210.0,4.2,N,
46.112,210.0,4.2,N,
46.146,210.0,4.2,N,
46.179,210.0,4.2,N,
46.212,211.0,4.2,N,
46.246,211.0,4.2,N,
46.279,211.0,4.2,N,
46.312,211.0,4.3,N,
46.346,212.0,4.3,N,
46.379,212.0,4.3,N,
46.413,212.0,4.3,N,
46.446,212.0,4.3,N,
46.479,212.0,4.3,N,
46.513,213.0,4.3,N,
46.546,213.0,4.3,N,
46.579,213.0,4.3,N,
46.613,213.0,4.3,N,
46.646,214.0,4.3,N,
46.679,214.0,4.3,N,
46.713,214.0,4.3,N,
46.746,214.0,4.3,N,
46.78,214.0,4.3,N,
46.813,215.0,4.4,N,
46.846,215.0,4.4,N,
46.88,215.0,4.4,N,
46.913,215.0,4.4,N,
46.946,216.0,4.4,N,
46.98,216.0,4.4,N,
47.013,216.0,4.4,N,
47.046,216.0,4.4,N,
47.08,217.0,4.4,N,
47.113,217.0,4.4,N,
47.147,217.0,4.4,N,
47.18,217.0,4.4,N,
47.213,218.0,4.4,N,
47.247,218.0,4.4,N,
47.28,218.0,4.5,N,
47.313,218.0,4.5,N,
47.347,219.0,4.5,N,
47.38,219.0,4.5,N,
47.414,219.0,4.5,N,
47.447,219.0,4.5,N,
47.48,220.0,4.5,N,
47.514,220.0,4.5,N,
47.547,220.0,4.5,N,
47.58,220.0,4.5,N,
47.614,221.0,4.5,N,
47.647,221.0,4.5,N,
47.68,221.0,4.5,N,
47.714,221.0,4.5,N,
47.747,221.0,4.6,N,
47.781,222.0,4.6,N,
47.814,222.0,4.6,N,
47.847,222.0,4.6,N,
47.881,222.0,4.6,N,
47.914,223.0,4.6,N,
47.947,223.0,4.6,N,
47.981,223.0,4.6,N,
48.014,223.0,4.6,N,
48.047,224.0,4.6,N,
48.081,224.0,4.6,N,
48.114,224.0,4.6,N,
48.148,224.0,4.6,N,
48.181,225.0,4.6,N,
48.214,225.0,4.7,N,
48.248,225.0,4.7,N,
48.281,225.0,4.7,N,
48.314,225.0,4.7,N,
48.348,226.0,4.7,N,
48.381,226.0,4.7,N,
48.415,226.0,4.7,N,
48.448,227.0,4.7,N,
48.481,227.0,4.7,N,
48.515,227.0,4.7,N,
48.548,227.0,4.7,N,
48.581,228.0,4.7,N,
48.615,228.0,4.7,N,
48.648,228.0,4.8,N,
48.681,228.0,4.8,N,
48.715,229.0,4.8,N,
48.748,229.0,4.8,N,
48.782,229.0,4.8,N,
48.815,229.0,4.8,N,
48.848,229.0,4.8,N,
48.882,230.0,4.8,N,
48.915,230.0,4.8,N,
48.948,230.0,4.8,N,
48.982,230.0,4.8,N,
49.015,231.0,4.8,N,
49.048,231.0,4.8,N,
49.082,231.0,4.8,N,
49.115,231.0,4.9,N,
49.149,232.0,4.9,N,
49.182,232.0,4.9,N,
49.215,232.0,4.9,N,
49.249,232.0,4.9,N,
49.282,233.0,4.9,N,
49.315,233.0,4.9,N,
49.349,233.0,4.9,N,
49.382,233.0,4.9,N,
49.416,,4.9,Y,Velocity sensor failure;
